<?xml version="1.0" encoding="UTF-8"?>
<!DOCTYPE mapper PUBLIC "-//mybatis.org//DTD Mapper 3.0//EN" "http://mybatis.org/dtd/mybatis-3-mapper.dtd">
<mapper namespace="com.sntas.mybatis.mapper.teacher.TeacherEntityMapper">
  <resultMap id="BaseResultMap" type="com.sntas.mybatis.bean.teacher.TeacherEntity">
    <constructor>
      <idArg column="teacher_id" javaType="java.lang.Integer" jdbcType="INTEGER" />
      <arg column="teacher_sn" javaType="java.lang.String" jdbcType="VARCHAR" />
      <arg column="teacher_email" javaType="java.lang.String" jdbcType="VARCHAR" />
      <arg column="teacher_phone" javaType="java.lang.String" jdbcType="VARCHAR" />
      <arg column="teacher_truename" javaType="java.lang.String" jdbcType="VARCHAR" />
      <arg column="teacher_nickname" javaType="java.lang.String" jdbcType="VARCHAR" />
      <arg column="teacher_avatar" javaType="java.lang.String" jdbcType="VARCHAR" />
      <arg column="teacher_desc" javaType="java.lang.String" jdbcType="VARCHAR" />
      <arg column="teacher_introduce" javaType="java.lang.String" jdbcType="VARCHAR" />
      <arg column="create_time" javaType="java.util.Date" jdbcType="TIMESTAMP" />
      <arg column="update_time" javaType="java.util.Date" jdbcType="TIMESTAMP" />
    </constructor>
  </resultMap>
  <sql id="Base_Column_List">
    teacher_id, teacher_sn, teacher_email, teacher_phone, teacher_truename, teacher_nickname, 
    teacher_avatar, teacher_desc, teacher_introduce, create_time, update_time
  </sql>
  <select id="selectByPrimaryKey" parameterType="java.lang.Integer" resultMap="BaseResultMap">
    select 
    <include refid="Base_Column_List" />
    from teacher
    where teacher_id = #{teacherId,jdbcType=INTEGER}
  </select>
  <delete id="deleteByPrimaryKey" parameterType="java.lang.Integer">
    delete from teacher
    where teacher_id = #{teacherId,jdbcType=INTEGER}
  </delete>
  <insert id="insert" parameterType="com.sntas.mybatis.bean.teacher.TeacherEntity">
    insert into teacher (teacher_id, teacher_sn, teacher_email, 
      teacher_phone, teacher_truename, teacher_nickname, 
      teacher_avatar, teacher_desc, teacher_introduce, 
      create_time, update_time)
    values (#{teacherId,jdbcType=INTEGER}, #{teacherSn,jdbcType=VARCHAR}, #{teacherEmail,jdbcType=VARCHAR}, 
      #{teacherPhone,jdbcType=VARCHAR}, #{teacherTruename,jdbcType=VARCHAR}, #{teacherNickname,jdbcType=VARCHAR}, 
      #{teacherAvatar,jdbcType=VARCHAR}, #{teacherDesc,jdbcType=VARCHAR}, #{teacherIntroduce,jdbcType=VARCHAR}, 
      #{createTime,jdbcType=TIMESTAMP}, #{updateTime,jdbcType=TIMESTAMP})
  </insert>
  <insert id="insertSelective" parameterType="com.sntas.mybatis.bean.teacher.TeacherEntity">
    insert into teacher
    <trim prefix="(" suffix=")" suffixOverrides=",">
      <if test="teacherId != null">
        teacher_id,
      </if>
      <if test="teacherSn != null">
        teacher_sn,
      </if>
      <if test="teacherEmail != null">
        teacher_email,
      </if>
      <if test="teacherPhone != null">
        teacher_phone,
      </if>
      <if test="teacherTruename != null">
        teacher_truename,
      </if>
      <if test="teacherNickname != null">
        teacher_nickname,
      </if>
      <if test="teacherAvatar != null">
        teacher_avatar,
      </if>
      <if test="teacherDesc != null">
        teacher_desc,
      </if>
      <if test="teacherIntroduce != null">
        teacher_introduce,
      </if>
      <if test="createTime != null">
        create_time,
      </if>
      <if test="updateTime != null">
        update_time,
      </if>
    </trim>
    <trim prefix="values (" suffix=")" suffixOverrides=",">
      <if test="teacherId != null">
        #{teacherId,jdbcType=INTEGER},
      </if>
      <if test="teacherSn != null">
        #{teacherSn,jdbcType=VARCHAR},
      </if>
      <if test="teacherEmail != null">
        #{teacherEmail,jdbcType=VARCHAR},
      </if>
      <if test="teacherPhone != null">
        #{teacherPhone,jdbcType=VARCHAR},
      </if>
      <if test="teacherTruename != null">
        #{teacherTruename,jdbcType=VARCHAR},
      </if>
      <if test="teacherNickname != null">
        #{teacherNickname,jdbcType=VARCHAR},
      </if>
      <if test="teacherAvatar != null">
        #{teacherAvatar,jdbcType=VARCHAR},
      </if>
      <if test="teacherDesc != null">
        #{teacherDesc,jdbcType=VARCHAR},
      </if>
      <if test="teacherIntroduce != null">
        #{teacherIntroduce,jdbcType=VARCHAR},
      </if>
      <if test="createTime != null">
        #{createTime,jdbcType=TIMESTAMP},
      </if>
      <if test="updateTime != null">
        #{updateTime,jdbcType=TIMESTAMP},
      </if>
    </trim>
  </insert>
  <update id="updateByPrimaryKeySelective" parameterType="com.sntas.mybatis.bean.teacher.TeacherEntity">
    update teacher
    <set>
      <if test="teacherSn != null">
        teacher_sn = #{teacherSn,jdbcType=VARCHAR},
      </if>
      <if test="teacherEmail != null">
        teacher_email = #{teacherEmail,jdbcType=VARCHAR},
      </if>
      <if test="teacherPhone != null">
        teacher_phone = #{teacherPhone,jdbcType=VARCHAR},
      </if>
      <if test="teacherTruename != null">
        teacher_truename = #{teacherTruename,jdbcType=VARCHAR},
      </if>
      <if test="teacherNickname != null">
        teacher_nickname = #{teacherNickname,jdbcType=VARCHAR},
      </if>
      <if test="teacherAvatar != null">
        teacher_avatar = #{teacherAvatar,jdbcType=VARCHAR},
      </if>
      <if test="teacherDesc != null">
        teacher_desc = #{teacherDesc,jdbcType=VARCHAR},
      </if>
      <if test="teacherIntroduce != null">
        teacher_introduce = #{teacherIntroduce,jdbcType=VARCHAR},
      </if>
      <if test="createTime != null">
        create_time = #{createTime,jdbcType=TIMESTAMP},
      </if>
      <if test="updateTime != null">
        update_time = #{updateTime,jdbcType=TIMESTAMP},
      </if>
    </set>
    where teacher_id = #{teacherId,jdbcType=INTEGER}
  </update>
  <update id="updateByPrimaryKey" parameterType="com.sntas.mybatis.bean.teacher.TeacherEntity">
    update teacher
    set teacher_sn = #{teacherSn,jdbcType=VARCHAR},
      teacher_email = #{teacherEmail,jdbcType=VARCHAR},
      teacher_phone = #{teacherPhone,jdbcType=VARCHAR},
      teacher_truename = #{teacherTruename,jdbcType=VARCHAR},
      teacher_nickname = #{teacherNickname,jdbcType=VARCHAR},
      teacher_avatar = #{teacherAvatar,jdbcType=VARCHAR},
      teacher_desc = #{teacherDesc,jdbcType=VARCHAR},
      teacher_introduce = #{teacherIntroduce,jdbcType=VARCHAR},
      create_time = #{createTime,jdbcType=TIMESTAMP},
      update_time = #{updateTime,jdbcType=TIMESTAMP}
    where teacher_id = #{teacherId,jdbcType=INTEGER}
  </update>
</mapper>