<?xml version="1.0" encoding="UTF-8"?>
<beans xmlns="http://www.springframework.org/schema/beans" xmlns:xsi="http://www.w3.org/2001/XMLSchema-instance"
       xmlns:dubbo="http://code.alibabatech.com/schema/dubbo"
       xsi:schemaLocation="http://www.springframework.org/schema/beans
        http://www.springframework.org/schema/beans/spring-beans.xsd  
        http://code.alibabatech.com/schema/dubbo  
        http://code.alibabatech.com/schema/dubbo/dubbo.xsd">

    <!-- 消费方应用名，用于计算依赖关系，不是匹配条件，不要与提供方一样 -->
    <!--<dubbo:application name="cnsebe-steward-web"/>-->

    <!--<dubbo:consumer check="false"/>-->

    <!-- 使用zookeeper注册中心暴露服务地址 -->
    <!-- 注册中心地址 -->

    <!--<dubbo:registry protocol="zookeeper" address="${dubbo.registry.address}"/>-->


    <!--&lt;!&ndash; 扫描注解包路径，多个包用逗号分隔，不填pacakge表示扫描当前ApplicationContext中所有的类 &ndash;&gt;-->
    <!--<dubbo:reference id="trademarkSearchService" interface="com.cnsebe.tools.api.trademarkSearch.TrademarkSearchService"-->
                     <!--check="false" timeout="5000"></dubbo:reference>-->

    <!--<dubbo:reference id="nameRecommendServer" interface="com.cnsebe.tools.api.name.NameRecommendServer"-->
                     <!--check="false" timeout="5000"></dubbo:reference>-->

    <!--<dubbo:reference id="restrictIPService" interface="com.cnsebe.tools.api.trademarkSearch.RestrictIPService"-->
                     <!--check="false" timeout="5000"></dubbo:reference>-->

    <!--<dubbo:reference id="memberService" interface="com.exodus.iprp.user.IServive.MemberService" check="false"-->
                     <!--timeout="10000"></dubbo:reference>-->
    <!--&lt;!&ndash;会员申请&ndash;&gt;-->
    <!--<dubbo:reference id="memberApplicationService" interface="com.exodus.iprp.user.IServive.MemberApplicationService"-->
                     <!--check="false" timeout="5000"></dubbo:reference>-->
    <!--&lt;!&ndash;省市县&ndash;&gt;-->
    <!--<dubbo:reference id="areaService" interface="com.exodus.iprp.basic.IServive.AreaService" check="false"-->
                     <!--timeout="5000"></dubbo:reference>-->

    <!--<dubbo:reference id="fileService" interface="com.exodus.iprp.file.IServive.FileService" check="false"-->
                     <!--timeout="5000"></dubbo:reference>-->

    <!--<dubbo:reference id="organizationService" interface="com.exodus.iprp.user.IServive.OrganizationService"-->
                     <!--check="false" timeout="5000"></dubbo:reference>-->

    <!--&lt;!&ndash; 消息管理&ndash;&gt;-->
    <!--<dubbo:reference id="messageService" interface="com.exodus.iprp.notification.IServive.MessageService" check="false"-->
                     <!--timeout="5000"></dubbo:reference>-->

    <!--&lt;!&ndash; 手机管理&ndash;&gt;-->
    <!--<dubbo:reference id="smsService" interface="com.exodus.iprp.notification.IServive.SmsService" check="false"-->
                     <!--timeout="5000"></dubbo:reference>-->
    <!--&lt;!&ndash;商标业务 &ndash;&gt;-->
    <!--<dubbo:reference id="TradeMarkDubbo" interface="shibei.service.dubbo.TradeMarkDubbo" check="false"-->
                     <!--timeout="5000"></dubbo:reference>-->
</beans>