<?xml version="1.0" encoding="UTF-8"?>
<!DOCTYPE mapper PUBLIC "-//mybatis.org//DTD Mapper 3.0//EN" "http://mybatis.org/dtd/mybatis-3-mapper.dtd">
<mapper namespace="com.sntas.mybatis.mapper.member.MemberEntityMapper">
  <resultMap id="BaseResultMap" type="com.sntas.mybatis.bean.member.MemberEntity">
    <constructor>
      <idArg column="member_id" javaType="java.lang.Integer" jdbcType="INTEGER" />
      <arg column="member_sn" javaType="java.lang.String" jdbcType="VARCHAR" />
      <arg column="member_email" javaType="java.lang.String" jdbcType="VARCHAR" />
      <arg column="member_phone" javaType="java.lang.String" jdbcType="VARCHAR" />
      <arg column="member_passwd" javaType="java.lang.String" jdbcType="VARCHAR" />
      <arg column="member_truename" javaType="java.lang.String" jdbcType="VARCHAR" />
      <arg column="member_nickname" javaType="java.lang.String" jdbcType="VARCHAR" />
      <arg column="member_avatar" javaType="java.lang.String" jdbcType="VARCHAR" />
      <arg column="member_sex" javaType="java.lang.Byte" jdbcType="TINYINT" />
      <arg column="member_birthday" javaType="java.util.Date" jdbcType="DATE" />
      <arg column="member_identification_card" javaType="java.lang.String" jdbcType="VARCHAR" />
      <arg column="member_industry" javaType="java.lang.String" jdbcType="VARCHAR" />
      <arg column="member_address" javaType="java.lang.String" jdbcType="VARCHAR" />
      <arg column="member_login_num" javaType="java.lang.Integer" jdbcType="INTEGER" />
      <arg column="member_login_time" javaType="java.util.Date" jdbcType="TIMESTAMP" />
      <arg column="member_old_login_time" javaType="java.util.Date" jdbcType="TIMESTAMP" />
      <arg column="member_login_ip" javaType="java.lang.String" jdbcType="VARCHAR" />
      <arg column="member_old_login_ip" javaType="java.lang.String" jdbcType="VARCHAR" />
      <arg column="create_time" javaType="java.util.Date" jdbcType="TIMESTAMP" />
      <arg column="update_time" javaType="java.util.Date" jdbcType="TIMESTAMP" />
    </constructor>
  </resultMap>
  <sql id="Base_Column_List">
    member_id, member_sn, member_email, member_phone, member_passwd, member_truename, 
    member_nickname, member_avatar, member_sex, member_birthday, member_identification_card, 
    member_industry, member_address, member_login_num, member_login_time, member_old_login_time, 
    member_login_ip, member_old_login_ip, create_time, update_time
  </sql>
  <select id="selectByPrimaryKey" parameterType="java.lang.Integer" resultMap="BaseResultMap">
    select 
    <include refid="Base_Column_List" />
    from member
    where member_id = #{memberId,jdbcType=INTEGER}
  </select>
  <delete id="deleteByPrimaryKey" parameterType="java.lang.Integer">
    delete from member
    where member_id = #{memberId,jdbcType=INTEGER}
  </delete>
  <insert id="insert" parameterType="com.sntas.mybatis.bean.member.MemberEntity">
    insert into member (member_id, member_sn, member_email, 
      member_phone, member_passwd, member_truename, 
      member_nickname, member_avatar, member_sex, 
      member_birthday, member_identification_card, 
      member_industry, member_address, member_login_num, 
      member_login_time, member_old_login_time, 
      member_login_ip, member_old_login_ip, create_time, 
      update_time)
    values (#{memberId,jdbcType=INTEGER}, #{memberSn,jdbcType=VARCHAR}, #{memberEmail,jdbcType=VARCHAR}, 
      #{memberPhone,jdbcType=VARCHAR}, #{memberPasswd,jdbcType=VARCHAR}, #{memberTruename,jdbcType=VARCHAR}, 
      #{memberNickname,jdbcType=VARCHAR}, #{memberAvatar,jdbcType=VARCHAR}, #{memberSex,jdbcType=BIT}, 
      #{memberBirthday,jdbcType=DATE}, #{memberIdentificationCard,jdbcType=VARCHAR}, 
      #{memberIndustry,jdbcType=VARCHAR}, #{memberAddress,jdbcType=VARCHAR}, #{memberLoginNum,jdbcType=INTEGER}, 
      #{memberLoginTime,jdbcType=TIMESTAMP}, #{memberOldLoginTime,jdbcType=TIMESTAMP}, 
      #{memberLoginIp,jdbcType=VARCHAR}, #{memberOldLoginIp,jdbcType=VARCHAR}, #{createTime,jdbcType=TIMESTAMP}, 
      #{updateTime,jdbcType=TIMESTAMP})
  </insert>
  <insert id="insertSelective" parameterType="com.sntas.mybatis.bean.member.MemberEntity">
    insert into member
    <trim prefix="(" suffix=")" suffixOverrides=",">
      <if test="memberId != null">
        member_id,
      </if>
      <if test="memberSn != null">
        member_sn,
      </if>
      <if test="memberEmail != null">
        member_email,
      </if>
      <if test="memberPhone != null">
        member_phone,
      </if>
      <if test="memberPasswd != null">
        member_passwd,
      </if>
      <if test="memberTruename != null">
        member_truename,
      </if>
      <if test="memberNickname != null">
        member_nickname,
      </if>
      <if test="memberAvatar != null">
        member_avatar,
      </if>
      <if test="memberSex != null">
        member_sex,
      </if>
      <if test="memberBirthday != null">
        member_birthday,
      </if>
      <if test="memberIdentificationCard != null">
        member_identification_card,
      </if>
      <if test="memberIndustry != null">
        member_industry,
      </if>
      <if test="memberAddress != null">
        member_address,
      </if>
      <if test="memberLoginNum != null">
        member_login_num,
      </if>
      <if test="memberLoginTime != null">
        member_login_time,
      </if>
      <if test="memberOldLoginTime != null">
        member_old_login_time,
      </if>
      <if test="memberLoginIp != null">
        member_login_ip,
      </if>
      <if test="memberOldLoginIp != null">
        member_old_login_ip,
      </if>
      <if test="createTime != null">
        create_time,
      </if>
      <if test="updateTime != null">
        update_time,
      </if>
    </trim>
    <trim prefix="values (" suffix=")" suffixOverrides=",">
      <if test="memberId != null">
        #{memberId,jdbcType=INTEGER},
      </if>
      <if test="memberSn != null">
        #{memberSn,jdbcType=VARCHAR},
      </if>
      <if test="memberEmail != null">
        #{memberEmail,jdbcType=VARCHAR},
      </if>
      <if test="memberPhone != null">
        #{memberPhone,jdbcType=VARCHAR},
      </if>
      <if test="memberPasswd != null">
        #{memberPasswd,jdbcType=VARCHAR},
      </if>
      <if test="memberTruename != null">
        #{memberTruename,jdbcType=VARCHAR},
      </if>
      <if test="memberNickname != null">
        #{memberNickname,jdbcType=VARCHAR},
      </if>
      <if test="memberAvatar != null">
        #{memberAvatar,jdbcType=VARCHAR},
      </if>
      <if test="memberSex != null">
        #{memberSex,jdbcType=BIT},
      </if>
      <if test="memberBirthday != null">
        #{memberBirthday,jdbcType=DATE},
      </if>
      <if test="memberIdentificationCard != null">
        #{memberIdentificationCard,jdbcType=VARCHAR},
      </if>
      <if test="memberIndustry != null">
        #{memberIndustry,jdbcType=VARCHAR},
      </if>
      <if test="memberAddress != null">
        #{memberAddress,jdbcType=VARCHAR},
      </if>
      <if test="memberLoginNum != null">
        #{memberLoginNum,jdbcType=INTEGER},
      </if>
      <if test="memberLoginTime != null">
        #{memberLoginTime,jdbcType=TIMESTAMP},
      </if>
      <if test="memberOldLoginTime != null">
        #{memberOldLoginTime,jdbcType=TIMESTAMP},
      </if>
      <if test="memberLoginIp != null">
        #{memberLoginIp,jdbcType=VARCHAR},
      </if>
      <if test="memberOldLoginIp != null">
        #{memberOldLoginIp,jdbcType=VARCHAR},
      </if>
      <if test="createTime != null">
        #{createTime,jdbcType=TIMESTAMP},
      </if>
      <if test="updateTime != null">
        #{updateTime,jdbcType=TIMESTAMP},
      </if>
    </trim>
  </insert>
  <update id="updateByPrimaryKeySelective" parameterType="com.sntas.mybatis.bean.member.MemberEntity">
    update member
    <set>
      <if test="memberSn != null">
        member_sn = #{memberSn,jdbcType=VARCHAR},
      </if>
      <if test="memberEmail != null">
        member_email = #{memberEmail,jdbcType=VARCHAR},
      </if>
      <if test="memberPhone != null">
        member_phone = #{memberPhone,jdbcType=VARCHAR},
      </if>
      <if test="memberPasswd != null">
        member_passwd = #{memberPasswd,jdbcType=VARCHAR},
      </if>
      <if test="memberTruename != null">
        member_truename = #{memberTruename,jdbcType=VARCHAR},
      </if>
      <if test="memberNickname != null">
        member_nickname = #{memberNickname,jdbcType=VARCHAR},
      </if>
      <if test="memberAvatar != null">
        member_avatar = #{memberAvatar,jdbcType=VARCHAR},
      </if>
      <if test="memberSex != null">
        member_sex = #{memberSex,jdbcType=BIT},
      </if>
      <if test="memberBirthday != null">
        member_birthday = #{memberBirthday,jdbcType=DATE},
      </if>
      <if test="memberIdentificationCard != null">
        member_identification_card = #{memberIdentificationCard,jdbcType=VARCHAR},
      </if>
      <if test="memberIndustry != null">
        member_industry = #{memberIndustry,jdbcType=VARCHAR},
      </if>
      <if test="memberAddress != null">
        member_address = #{memberAddress,jdbcType=VARCHAR},
      </if>
      <if test="memberLoginNum != null">
        member_login_num = #{memberLoginNum,jdbcType=INTEGER},
      </if>
      <if test="memberLoginTime != null">
        member_login_time = #{memberLoginTime,jdbcType=TIMESTAMP},
      </if>
      <if test="memberOldLoginTime != null">
        member_old_login_time = #{memberOldLoginTime,jdbcType=TIMESTAMP},
      </if>
      <if test="memberLoginIp != null">
        member_login_ip = #{memberLoginIp,jdbcType=VARCHAR},
      </if>
      <if test="memberOldLoginIp != null">
        member_old_login_ip = #{memberOldLoginIp,jdbcType=VARCHAR},
      </if>
      <if test="createTime != null">
        create_time = #{createTime,jdbcType=TIMESTAMP},
      </if>
      <if test="updateTime != null">
        update_time = #{updateTime,jdbcType=TIMESTAMP},
      </if>
    </set>
    where member_id = #{memberId,jdbcType=INTEGER}
  </update>
  <update id="updateByPrimaryKey" parameterType="com.sntas.mybatis.bean.member.MemberEntity">
    update member
    set member_sn = #{memberSn,jdbcType=VARCHAR},
      member_email = #{memberEmail,jdbcType=VARCHAR},
      member_phone = #{memberPhone,jdbcType=VARCHAR},
      member_passwd = #{memberPasswd,jdbcType=VARCHAR},
      member_truename = #{memberTruename,jdbcType=VARCHAR},
      member_nickname = #{memberNickname,jdbcType=VARCHAR},
      member_avatar = #{memberAvatar,jdbcType=VARCHAR},
      member_sex = #{memberSex,jdbcType=BIT},
      member_birthday = #{memberBirthday,jdbcType=DATE},
      member_identification_card = #{memberIdentificationCard,jdbcType=VARCHAR},
      member_industry = #{memberIndustry,jdbcType=VARCHAR},
      member_address = #{memberAddress,jdbcType=VARCHAR},
      member_login_num = #{memberLoginNum,jdbcType=INTEGER},
      member_login_time = #{memberLoginTime,jdbcType=TIMESTAMP},
      member_old_login_time = #{memberOldLoginTime,jdbcType=TIMESTAMP},
      member_login_ip = #{memberLoginIp,jdbcType=VARCHAR},
      member_old_login_ip = #{memberOldLoginIp,jdbcType=VARCHAR},
      create_time = #{createTime,jdbcType=TIMESTAMP},
      update_time = #{updateTime,jdbcType=TIMESTAMP}
    where member_id = #{memberId,jdbcType=INTEGER}
  </update>


  <select id="selectMemberByPhone" parameterType="java.lang.String" resultMap="BaseResultMap">
    select
    <include refid="Base_Column_List"/>
    from member
    where member_phone = #{memberPhone,jdbcType=VARCHAR}
  </select>

</mapper>