<?xml version="1.0" encoding="UTF-8"?>
<!DOCTYPE mapper PUBLIC "-//mybatis.org//DTD Mapper 3.0//EN" "http://mybatis.org/dtd/mybatis-3-mapper.dtd">
<mapper namespace="com.sntas.mybatis.mapper.course.CourseEntityMapper">
  <resultMap id="BaseResultMap" type="com.sntas.mybatis.bean.course.CourseEntity">
    <constructor>
      <idArg column="course_id" javaType="java.lang.Integer" jdbcType="INTEGER" />
      <arg column="name" javaType="java.lang.String" jdbcType="VARCHAR" />
      <arg column="img_url" javaType="java.lang.String" jdbcType="VARCHAR" />
      <arg column="synopsis" javaType="java.lang.String" jdbcType="VARCHAR" />
      <arg column="introduce" javaType="java.lang.String" jdbcType="VARCHAR" />
      <arg column="start_time" javaType="java.util.Date" jdbcType="TIMESTAMP" />
      <arg column="end_time" javaType="java.util.Date" jdbcType="TIMESTAMP" />
      <arg column="resource_url" javaType="java.lang.String" jdbcType="VARCHAR" />
      <arg column="duration" javaType="java.lang.String" jdbcType="VARCHAR" />
      <arg column="bytes" javaType="java.lang.String" jdbcType="VARCHAR" />
      <arg column="create_time" javaType="java.util.Date" jdbcType="TIMESTAMP" />
      <arg column="update_time" javaType="java.util.Date" jdbcType="TIMESTAMP" />
    </constructor>
  </resultMap>
  <sql id="Base_Column_List">
    course_id, name, img_url, synopsis, introduce, start_time, end_time, resource_url, 
    duration, bytes, create_time, update_time
  </sql>
  <select id="selectByPrimaryKey" parameterType="java.lang.Integer" resultMap="BaseResultMap">
    select 
    <include refid="Base_Column_List" />
    from course
    where course_id = #{courseId,jdbcType=INTEGER}
  </select>
  <delete id="deleteByPrimaryKey" parameterType="java.lang.Integer">
    delete from course
    where course_id = #{courseId,jdbcType=INTEGER}
  </delete>
  <insert id="insert" parameterType="com.sntas.mybatis.bean.course.CourseEntity">
    insert into course (course_id, name, img_url, 
      synopsis, introduce, start_time, 
      end_time, resource_url, duration, 
      bytes, create_time, update_time
      )
    values (#{courseId,jdbcType=INTEGER}, #{name,jdbcType=VARCHAR}, #{imgUrl,jdbcType=VARCHAR}, 
      #{synopsis,jdbcType=VARCHAR}, #{introduce,jdbcType=VARCHAR}, #{startTime,jdbcType=TIMESTAMP}, 
      #{endTime,jdbcType=TIMESTAMP}, #{resourceUrl,jdbcType=VARCHAR}, #{duration,jdbcType=VARCHAR}, 
      #{bytes,jdbcType=VARCHAR}, #{createTime,jdbcType=TIMESTAMP}, #{updateTime,jdbcType=TIMESTAMP}
      )
  </insert>
  <insert id="insertSelective" parameterType="com.sntas.mybatis.bean.course.CourseEntity">
    insert into course
    <trim prefix="(" suffix=")" suffixOverrides=",">
      <if test="courseId != null">
        course_id,
      </if>
      <if test="name != null">
        name,
      </if>
      <if test="imgUrl != null">
        img_url,
      </if>
      <if test="synopsis != null">
        synopsis,
      </if>
      <if test="introduce != null">
        introduce,
      </if>
      <if test="startTime != null">
        start_time,
      </if>
      <if test="endTime != null">
        end_time,
      </if>
      <if test="resourceUrl != null">
        resource_url,
      </if>
      <if test="duration != null">
        duration,
      </if>
      <if test="bytes != null">
        bytes,
      </if>
      <if test="createTime != null">
        create_time,
      </if>
      <if test="updateTime != null">
        update_time,
      </if>
    </trim>
    <trim prefix="values (" suffix=")" suffixOverrides=",">
      <if test="courseId != null">
        #{courseId,jdbcType=INTEGER},
      </if>
      <if test="name != null">
        #{name,jdbcType=VARCHAR},
      </if>
      <if test="imgUrl != null">
        #{imgUrl,jdbcType=VARCHAR},
      </if>
      <if test="synopsis != null">
        #{synopsis,jdbcType=VARCHAR},
      </if>
      <if test="introduce != null">
        #{introduce,jdbcType=VARCHAR},
      </if>
      <if test="startTime != null">
        #{startTime,jdbcType=TIMESTAMP},
      </if>
      <if test="endTime != null">
        #{endTime,jdbcType=TIMESTAMP},
      </if>
      <if test="resourceUrl != null">
        #{resourceUrl,jdbcType=VARCHAR},
      </if>
      <if test="duration != null">
        #{duration,jdbcType=VARCHAR},
      </if>
      <if test="bytes != null">
        #{bytes,jdbcType=VARCHAR},
      </if>
      <if test="createTime != null">
        #{createTime,jdbcType=TIMESTAMP},
      </if>
      <if test="updateTime != null">
        #{updateTime,jdbcType=TIMESTAMP},
      </if>
    </trim>
  </insert>
  <update id="updateByPrimaryKeySelective" parameterType="com.sntas.mybatis.bean.course.CourseEntity">
    update course
    <set>
      <if test="name != null">
        name = #{name,jdbcType=VARCHAR},
      </if>
      <if test="imgUrl != null">
        img_url = #{imgUrl,jdbcType=VARCHAR},
      </if>
      <if test="synopsis != null">
        synopsis = #{synopsis,jdbcType=VARCHAR},
      </if>
      <if test="introduce != null">
        introduce = #{introduce,jdbcType=VARCHAR},
      </if>
      <if test="startTime != null">
        start_time = #{startTime,jdbcType=TIMESTAMP},
      </if>
      <if test="endTime != null">
        end_time = #{endTime,jdbcType=TIMESTAMP},
      </if>
      <if test="resourceUrl != null">
        resource_url = #{resourceUrl,jdbcType=VARCHAR},
      </if>
      <if test="duration != null">
        duration = #{duration,jdbcType=VARCHAR},
      </if>
      <if test="bytes != null">
        bytes = #{bytes,jdbcType=VARCHAR},
      </if>
      <if test="createTime != null">
        create_time = #{createTime,jdbcType=TIMESTAMP},
      </if>
      <if test="updateTime != null">
        update_time = #{updateTime,jdbcType=TIMESTAMP},
      </if>
    </set>
    where course_id = #{courseId,jdbcType=INTEGER}
  </update>
  <update id="updateByPrimaryKey" parameterType="com.sntas.mybatis.bean.course.CourseEntity">
    update course
    set name = #{name,jdbcType=VARCHAR},
      img_url = #{imgUrl,jdbcType=VARCHAR},
      synopsis = #{synopsis,jdbcType=VARCHAR},
      introduce = #{introduce,jdbcType=VARCHAR},
      start_time = #{startTime,jdbcType=TIMESTAMP},
      end_time = #{endTime,jdbcType=TIMESTAMP},
      resource_url = #{resourceUrl,jdbcType=VARCHAR},
      duration = #{duration,jdbcType=VARCHAR},
      bytes = #{bytes,jdbcType=VARCHAR},
      create_time = #{createTime,jdbcType=TIMESTAMP},
      update_time = #{updateTime,jdbcType=TIMESTAMP}
    where course_id = #{courseId,jdbcType=INTEGER}
  </update>
</mapper>