<?xml version="1.0" encoding="UTF-8"?>
<!DOCTYPE mapper PUBLIC "-//mybatis.org//DTD Mapper 3.0//EN" "http://mybatis.org/dtd/mybatis-3-mapper.dtd">
<mapper namespace="com.sntas.mybatis.mapper.course.CourseStatisticsEntityMapper">
  <resultMap id="BaseResultMap" type="com.sntas.mybatis.bean.course.CourseStatisticsEntity">
    <constructor>
      <idArg column="course_statistics_id" javaType="java.lang.Integer" jdbcType="INTEGER" />
      <arg column="course_id" javaType="java.lang.Integer" jdbcType="INTEGER" />
      <arg column="collect_num" javaType="java.lang.Integer" jdbcType="INTEGER" />
      <arg column="pv_num" javaType="java.lang.Integer" jdbcType="INTEGER" />
      <arg column="subscribe_num" javaType="java.lang.Integer" jdbcType="INTEGER" />
      <arg column="download_num" javaType="java.lang.Integer" jdbcType="INTEGER" />
      <arg column="buy_num" javaType="java.lang.Integer" jdbcType="INTEGER" />
    </constructor>
  </resultMap>
  <sql id="Base_Column_List">
    course_statistics_id, course_id, collect_num, pv_num, subscribe_num, download_num, 
    buy_num
  </sql>
  <select id="selectByPrimaryKey" parameterType="java.lang.Integer" resultMap="BaseResultMap">
    select 
    <include refid="Base_Column_List" />
    from course_statistics
    where course_statistics_id = #{courseStatisticsId,jdbcType=INTEGER}
  </select>
  <delete id="deleteByPrimaryKey" parameterType="java.lang.Integer">
    delete from course_statistics
    where course_statistics_id = #{courseStatisticsId,jdbcType=INTEGER}
  </delete>
  <insert id="insert" parameterType="com.sntas.mybatis.bean.course.CourseStatisticsEntity">
    insert into course_statistics (course_statistics_id, course_id, collect_num, 
      pv_num, subscribe_num, download_num, 
      buy_num)
    values (#{courseStatisticsId,jdbcType=INTEGER}, #{courseId,jdbcType=INTEGER}, #{collectNum,jdbcType=INTEGER}, 
      #{pvNum,jdbcType=INTEGER}, #{subscribeNum,jdbcType=INTEGER}, #{downloadNum,jdbcType=INTEGER}, 
      #{buyNum,jdbcType=INTEGER})
  </insert>
  <insert id="insertSelective" parameterType="com.sntas.mybatis.bean.course.CourseStatisticsEntity">
    insert into course_statistics
    <trim prefix="(" suffix=")" suffixOverrides=",">
      <if test="courseStatisticsId != null">
        course_statistics_id,
      </if>
      <if test="courseId != null">
        course_id,
      </if>
      <if test="collectNum != null">
        collect_num,
      </if>
      <if test="pvNum != null">
        pv_num,
      </if>
      <if test="subscribeNum != null">
        subscribe_num,
      </if>
      <if test="downloadNum != null">
        download_num,
      </if>
      <if test="buyNum != null">
        buy_num,
      </if>
    </trim>
    <trim prefix="values (" suffix=")" suffixOverrides=",">
      <if test="courseStatisticsId != null">
        #{courseStatisticsId,jdbcType=INTEGER},
      </if>
      <if test="courseId != null">
        #{courseId,jdbcType=INTEGER},
      </if>
      <if test="collectNum != null">
        #{collectNum,jdbcType=INTEGER},
      </if>
      <if test="pvNum != null">
        #{pvNum,jdbcType=INTEGER},
      </if>
      <if test="subscribeNum != null">
        #{subscribeNum,jdbcType=INTEGER},
      </if>
      <if test="downloadNum != null">
        #{downloadNum,jdbcType=INTEGER},
      </if>
      <if test="buyNum != null">
        #{buyNum,jdbcType=INTEGER},
      </if>
    </trim>
  </insert>
  <update id="updateByPrimaryKeySelective" parameterType="com.sntas.mybatis.bean.course.CourseStatisticsEntity">
    update course_statistics
    <set>
      <if test="courseId != null">
        course_id = #{courseId,jdbcType=INTEGER},
      </if>
      <if test="collectNum != null">
        collect_num = #{collectNum,jdbcType=INTEGER},
      </if>
      <if test="pvNum != null">
        pv_num = #{pvNum,jdbcType=INTEGER},
      </if>
      <if test="subscribeNum != null">
        subscribe_num = #{subscribeNum,jdbcType=INTEGER},
      </if>
      <if test="downloadNum != null">
        download_num = #{downloadNum,jdbcType=INTEGER},
      </if>
      <if test="buyNum != null">
        buy_num = #{buyNum,jdbcType=INTEGER},
      </if>
    </set>
    where course_statistics_id = #{courseStatisticsId,jdbcType=INTEGER}
  </update>
  <update id="updateByPrimaryKey" parameterType="com.sntas.mybatis.bean.course.CourseStatisticsEntity">
    update course_statistics
    set course_id = #{courseId,jdbcType=INTEGER},
      collect_num = #{collectNum,jdbcType=INTEGER},
      pv_num = #{pvNum,jdbcType=INTEGER},
      subscribe_num = #{subscribeNum,jdbcType=INTEGER},
      download_num = #{downloadNum,jdbcType=INTEGER},
      buy_num = #{buyNum,jdbcType=INTEGER}
    where course_statistics_id = #{courseStatisticsId,jdbcType=INTEGER}
  </update>
</mapper>