<?xml version="1.0" encoding="UTF-8"?>
<!DOCTYPE mapper PUBLIC "-//mybatis.org//DTD Mapper 3.0//EN" "http://mybatis.org/dtd/mybatis-3-mapper.dtd">
<mapper namespace="com.sntas.mybatis.mapper.course.KurseEntityMapper">
  <resultMap id="BaseResultMap" type="com.sntas.mybatis.bean.course.KurseEntity">
    <constructor>
      <idArg column="kurse_id" javaType="java.lang.Integer" jdbcType="INTEGER" />
      <arg column="name" javaType="java.lang.String" jdbcType="VARCHAR" />
      <arg column="img_url" javaType="java.lang.String" jdbcType="VARCHAR" />
      <arg column="introduce" javaType="java.lang.String" jdbcType="VARCHAR" />
      <arg column="teacher_id" javaType="java.lang.Integer" jdbcType="INTEGER" />
      <arg column="original_price" javaType="java.math.BigDecimal" jdbcType="DECIMAL" />
      <arg column="preferential_price" javaType="java.math.BigDecimal" jdbcType="DECIMAL" />
      <arg column="group_id" javaType="java.lang.Integer" jdbcType="INTEGER" />
      <arg column="group_sn" javaType="java.lang.String" jdbcType="VARCHAR" />
      <arg column="start_time" javaType="java.util.Date" jdbcType="TIMESTAMP" />
      <arg column="end_time" javaType="java.util.Date" jdbcType="TIMESTAMP" />
      <arg column="create_time" javaType="java.util.Date" jdbcType="TIMESTAMP" />
      <arg column="update_time" javaType="java.util.Date" jdbcType="TIMESTAMP" />
    </constructor>
  </resultMap>
  <sql id="Base_Column_List">
    kurse_id, name, img_url, introduce, teacher_id, original_price, preferential_price, 
    group_id, group_sn, start_time, end_time, create_time, update_time
  </sql>
  <select id="selectByPrimaryKey" parameterType="java.lang.Integer" resultMap="BaseResultMap">
    select 
    <include refid="Base_Column_List" />
    from kurse
    where kurse_id = #{kurseId,jdbcType=INTEGER}
  </select>
  <delete id="deleteByPrimaryKey" parameterType="java.lang.Integer">
    delete from kurse
    where kurse_id = #{kurseId,jdbcType=INTEGER}
  </delete>
  <insert id="insert" parameterType="com.sntas.mybatis.bean.course.KurseEntity">
    insert into kurse (kurse_id, name, img_url, 
      introduce, teacher_id, original_price, 
      preferential_price, group_id, group_sn, 
      start_time, end_time, create_time, 
      update_time)
    values (#{kurseId,jdbcType=INTEGER}, #{name,jdbcType=VARCHAR}, #{imgUrl,jdbcType=VARCHAR}, 
      #{introduce,jdbcType=VARCHAR}, #{teacherId,jdbcType=INTEGER}, #{originalPrice,jdbcType=DECIMAL}, 
      #{preferentialPrice,jdbcType=DECIMAL}, #{groupId,jdbcType=INTEGER}, #{groupSn,jdbcType=VARCHAR}, 
      #{startTime,jdbcType=TIMESTAMP}, #{endTime,jdbcType=TIMESTAMP}, #{createTime,jdbcType=TIMESTAMP}, 
      #{updateTime,jdbcType=TIMESTAMP})
  </insert>
  <insert id="insertSelective" parameterType="com.sntas.mybatis.bean.course.KurseEntity">
    insert into kurse
    <trim prefix="(" suffix=")" suffixOverrides=",">
      <if test="kurseId != null">
        kurse_id,
      </if>
      <if test="name != null">
        name,
      </if>
      <if test="imgUrl != null">
        img_url,
      </if>
      <if test="introduce != null">
        introduce,
      </if>
      <if test="teacherId != null">
        teacher_id,
      </if>
      <if test="originalPrice != null">
        original_price,
      </if>
      <if test="preferentialPrice != null">
        preferential_price,
      </if>
      <if test="groupId != null">
        group_id,
      </if>
      <if test="groupSn != null">
        group_sn,
      </if>
      <if test="startTime != null">
        start_time,
      </if>
      <if test="endTime != null">
        end_time,
      </if>
      <if test="createTime != null">
        create_time,
      </if>
      <if test="updateTime != null">
        update_time,
      </if>
    </trim>
    <trim prefix="values (" suffix=")" suffixOverrides=",">
      <if test="kurseId != null">
        #{kurseId,jdbcType=INTEGER},
      </if>
      <if test="name != null">
        #{name,jdbcType=VARCHAR},
      </if>
      <if test="imgUrl != null">
        #{imgUrl,jdbcType=VARCHAR},
      </if>
      <if test="introduce != null">
        #{introduce,jdbcType=VARCHAR},
      </if>
      <if test="teacherId != null">
        #{teacherId,jdbcType=INTEGER},
      </if>
      <if test="originalPrice != null">
        #{originalPrice,jdbcType=DECIMAL},
      </if>
      <if test="preferentialPrice != null">
        #{preferentialPrice,jdbcType=DECIMAL},
      </if>
      <if test="groupId != null">
        #{groupId,jdbcType=INTEGER},
      </if>
      <if test="groupSn != null">
        #{groupSn,jdbcType=VARCHAR},
      </if>
      <if test="startTime != null">
        #{startTime,jdbcType=TIMESTAMP},
      </if>
      <if test="endTime != null">
        #{endTime,jdbcType=TIMESTAMP},
      </if>
      <if test="createTime != null">
        #{createTime,jdbcType=TIMESTAMP},
      </if>
      <if test="updateTime != null">
        #{updateTime,jdbcType=TIMESTAMP},
      </if>
    </trim>
  </insert>
  <update id="updateByPrimaryKeySelective" parameterType="com.sntas.mybatis.bean.course.KurseEntity">
    update kurse
    <set>
      <if test="name != null">
        name = #{name,jdbcType=VARCHAR},
      </if>
      <if test="imgUrl != null">
        img_url = #{imgUrl,jdbcType=VARCHAR},
      </if>
      <if test="introduce != null">
        introduce = #{introduce,jdbcType=VARCHAR},
      </if>
      <if test="teacherId != null">
        teacher_id = #{teacherId,jdbcType=INTEGER},
      </if>
      <if test="originalPrice != null">
        original_price = #{originalPrice,jdbcType=DECIMAL},
      </if>
      <if test="preferentialPrice != null">
        preferential_price = #{preferentialPrice,jdbcType=DECIMAL},
      </if>
      <if test="groupId != null">
        group_id = #{groupId,jdbcType=INTEGER},
      </if>
      <if test="groupSn != null">
        group_sn = #{groupSn,jdbcType=VARCHAR},
      </if>
      <if test="startTime != null">
        start_time = #{startTime,jdbcType=TIMESTAMP},
      </if>
      <if test="endTime != null">
        end_time = #{endTime,jdbcType=TIMESTAMP},
      </if>
      <if test="createTime != null">
        create_time = #{createTime,jdbcType=TIMESTAMP},
      </if>
      <if test="updateTime != null">
        update_time = #{updateTime,jdbcType=TIMESTAMP},
      </if>
    </set>
    where kurse_id = #{kurseId,jdbcType=INTEGER}
  </update>
  <update id="updateByPrimaryKey" parameterType="com.sntas.mybatis.bean.course.KurseEntity">
    update kurse
    set name = #{name,jdbcType=VARCHAR},
      img_url = #{imgUrl,jdbcType=VARCHAR},
      introduce = #{introduce,jdbcType=VARCHAR},
      teacher_id = #{teacherId,jdbcType=INTEGER},
      original_price = #{originalPrice,jdbcType=DECIMAL},
      preferential_price = #{preferentialPrice,jdbcType=DECIMAL},
      group_id = #{groupId,jdbcType=INTEGER},
      group_sn = #{groupSn,jdbcType=VARCHAR},
      start_time = #{startTime,jdbcType=TIMESTAMP},
      end_time = #{endTime,jdbcType=TIMESTAMP},
      create_time = #{createTime,jdbcType=TIMESTAMP},
      update_time = #{updateTime,jdbcType=TIMESTAMP}
    where kurse_id = #{kurseId,jdbcType=INTEGER}
  </update>
</mapper>