<?xml version="1.0" encoding="UTF-8"?>
<beans xmlns="http://www.springframework.org/schema/beans" xmlns:xsi="http://www.w3.org/2001/XMLSchema-instance" xmlns:p="http://www.springframework.org/schema/p" xmlns:context="http://www.springframework.org/schema/context" xmlns:aop="http://www.springframework.org/schema/aop"
	xmlns:tx="http://www.springframework.org/schema/tx"
	xmlns:task="http://www.springframework.org/schema/task" 
	xsi:schemaLocation="http://www.springframework.org/schema/beans  
           http://www.springframework.org/schema/beans/spring-beans-3.2.xsd  
           http://www.springframework.org/schema/aop   
           http://www.springframework.org/schema/aop/spring-aop-3.2.xsd  
           http://www.springframework.org/schema/tx  
           http://www.springframework.org/schema/tx/spring-tx-3.2.xsd  
           http://www.springframework.org/schema/context  
           http://www.springframework.org/schema/context/spring-context-3.2.xsd
           http://www.springframework.org/schema/task
           http://www.springframework.org/schema/task/spring-task-3.2.xsd"
	default-autowire="byName" default-lazy-init="false">

	<!-- 采用注释的方式配置bean -->
	<context:annotation-config />
 
	<!-- 配置要扫描的包 -->
	<context:component-scan base-package="com.sntas" />

	<!-- 加载配置文件 -->
	<context:property-placeholder location="classpath*:META-INF/*.properties" />

    
	<!-- proxy-target-class默认"false",更改为"ture"使用CGLib动态代理 -->
	<aop:aspectj-autoproxy proxy-target-class="false" /><!-- 这里原来是设置true的 -->
	<bean class="com.sntas.core.config.PropertiesConfig"></bean>


	<!-- 注入Jedis -->
	<bean id="jedisPoolConfig" class="redis.clients.jedis.JedisPoolConfig">
		<property name="maxIdle" value="${redis.maxIdle}" /> <!-- <property name="maxWait" value="${redis.maxWait}" /> -->
		<property name="testOnBorrow" value="${redis.testOnBorrow}" />
		<property name="testOnReturn" value="${redis.testOnReturn}" />
		<property name="testWhileIdle" value="true" />
	</bean>

	<!-- <bean id="multipartResolver"
		class="org.springframework.web.multipart.commons.CommonsMultipartResolver">
		<property name="maxUploadSize" value="10485760" />
	</bean> -->
	<bean id="shardedJedisPool" class="redis.clients.jedis.ShardedJedisPool"
		  scope="singleton">
		<constructor-arg name="poolConfig" ref="jedisPoolConfig" />
		<constructor-arg name="shards">
			<list>
				<bean class="redis.clients.jedis.JedisShardInfo">
					<constructor-arg name="host" value="${redis.host}" />
					<constructor-arg name="port" value="${redis.port}" />
					<property name="password" value="${redis.pass}" />
				</bean>
			</list>
		</constructor-arg>
	</bean>


	<!-- 去掉了下面的dataSource配置，这块的writeDataSource修改成dataSource -->
	<bean id="dataSource" class="com.mchange.v2.c3p0.ComboPooledDataSource">
		<property name="driverClass" value="${jdbc.driverClass}" />
		<property name="jdbcUrl" value="${jdbc.writeJdbcUrl}" />
		<property name="user" value="${jdbc.writeUser}" />
		<property name="password" value="${jdbc.writePassword}" />

		<!-- 接池中保留的最小连接数 -->
		<property name="minPoolSize" value="${jdbc.miniPoolSize}" />
		<!-- 接池中保留的最大连接数。默认为15 -->
		<property name="maxPoolSize" value="${jdbc.maxPoolSize}" />
		<!-- 始化时创建的连接数，应在minPoolSize与maxPoolSize之间取值。默认为3； -->
		<property name="initialPoolSize" value="${jdbc.initialPoolSize}" />
		<property name="maxIdleTime" value="${jdbc.maxIdleTime}" />
		<!--当连接池中的连接用完时，C3P0一次性创建新连接的数目 -->
		<property name="acquireIncrement" value="${jdbc.acquireIncrement}" />
		<!-- 定义在从数据库获取新连接失败后重复尝试获取的次数，默认为30 -->
		<property name="acquireRetryAttempts" value="${jdbc.acquireRetryAttempts}" />
		<!-- 两次连接中间隔时间，单位毫秒，默认为1000 -->
		<property name="acquireRetryDelay" value="${jdbc.acquireRetryDelay}" />
		<!-- 获取connnection时测试是否有效 -->
		<property name="testConnectionOnCheckin" value="${jdbc.testConnectionOnCheckin}" />
		<!--每多少秒检查所有连接池中的空闲连接。默认值: 0，不检查 -->
		<property name="idleConnectionTestPeriod" value="${jdbc.idleConnectionTestPeriod}" />
		<!-- 当连接池用完时客户端调用getConnection()后等待获取新连接的时间，超时后将抛出SQLException，如设为0则无限期等待。单位毫秒，默认为0； -->
		<property name="checkoutTimeout" value="${jdbc.checkoutTimeout}" />
		<!--关闭连接时，是否提交未提交的事务，默认为false，即关闭连接，回滚未提交的事务 -->
		<property name="autoCommitOnClose" value="false" />
		<!--定义所有连接测试都执行的测试语句。在使用连接测试的情况下这个一显著提高测试速度。注意：测试的表必须在初始数据源的时候就存在。Default:
			null -->
		<!-- <property name="preferredTestQuery" value="select 1 from c3p0TestTable" /> -->
	</bean>

	<!-- 对dataSource 数据源进行事务管理 -->
	<bean id="transactionManager"
		  class="org.springframework.jdbc.datasource.DataSourceTransactionManager">
		<property name="dataSource" ref="dataSource" />
	</bean>

	<!-- 启用对事务注解的支持 -->
	<tx:annotation-driven transaction-manager="transactionManager" />

	<!-- 创建SqlSessionFactory，同时指定数据源 -->
	<bean id="mybatisSqlSessionFactory" class="org.mybatis.spring.SqlSessionFactoryBean">
		<property name="configLocation" value="classpath:META-INF/spring/mybatis-config.xml" />
		<property name="dataSource" ref="dataSource" />
		<property name="mapperLocations" value="classpath*:com/sntas/mybatis/mapper/**/*.xml" />
		<property name="plugins">
			<array>
				<bean class="com.github.pagehelper.PageHelper">
					<property name="properties">
						<value>
							dialect=mysql
						</value>
					</property>
				</bean>
			</array>
		</property>
	</bean>


	<!--MapperScannerConfigurer配置 该配置是用来扫描Mapper接口文件的 -->
	<bean class="org.mybatis.spring.mapper.MapperScannerConfigurer">
		<!--basePackage指定要扫描的包，在此包之下的映射器都会被 搜索到。可指定多个包，包与包之间用逗号或分号分隔 -->
		<property name="basePackage"  value="com.sntas.mybatis.mapper" />
		<property name="sqlSessionFactoryBeanName" value="mybatisSqlSessionFactory"></property>
	</bean>


	<!--&lt;!&ndash; 单用户登录标识 &ndash;&gt;-->
	<!--<bean id="single_user_login_flag" class="java.lang.Boolean">-->
		<!--<constructor-arg-->
				<!--type="java.lang.String"-->
				<!--value="true">-->
		<!--</constructor-arg>-->
	<!--</bean>-->


	<!-- 定时任务 -->
	<task:annotation-driven/>

	<!--<import resource="../dubbo/dubbo-consumer.xml" />-->
	<!--<import resource="dubbo-provider.xml"/>-->

</beans>