<?xml version="1.0" encoding="UTF-8"?>
<beans xmlns="http://www.springframework.org/schema/beans"
	   xmlns:context="http://www.springframework.org/schema/context"
	   xmlns:mvc="http://www.springframework.org/schema/mvc" xmlns:xsi="http://www.w3.org/2001/XMLSchema-instance"
	   xsi:schemaLocation="http://www.springframework.org/schema/beans
      http://www.springframework.org/schema/beans/spring-beans-3.2.xsd    
      http://www.springframework.org/schema/context    
      http://www.springframework.org/schema/context/spring-context-3.2.xsd    
      http://www.springframework.org/schema/mvc    
      http://www.springframework.org/schema/mvc/spring-mvc-3.0.xsd">

	<!-- 配置要扫描的包 -->
	<context:component-scan base-package="com.sntas" />

	<!-- 读入配置属性文件 -->
	<!-- 加载外部指定路径配置文件，并覆盖默认 -->
<!--	<context:property-placeholder
		location="file:${catalina.home}/webapps/config-web/*.properties"
		ignore-unresolvable="true" file-encoding="UTF-8" />-->
	<!-- 当外部指定路径没有配置文件时,加载默认 -->
	<context:property-placeholder location="classpath*:META-INF/*.properties"
		ignore-unresolvable="true" file-encoding="UTF-8" />

	<mvc:interceptors>
		<mvc:interceptor>
			<mvc:mapping path="/**"/>
			<!-- 定义在mvc:interceptor下面的表示是对特定的请求才进行拦截的 -->
			<bean class=" com.sntas.core.spring.interceptor.BindInfoAndCheckInterceptor">
			</bean>
		</mvc:interceptor>

		<mvc:interceptor>
			<mvc:mapping path="/*/*" />
			<bean class="com.sntas.intercepter.AuthInterceptor">
			</bean>
		</mvc:interceptor>
	</mvc:interceptors>

	<!-- 开启mvc注解 -->
	<mvc:annotation-driven />

	<!-- 静态资源访问 -->
<!--	<mvc:resources location="/images/" mapping="/images/**" />
	<mvc:resources location="/js/" mapping="/js/**" />
	<mvc:resources location="/css/" mapping="/css/**" />-->

	<!-- 视图渲染样式 -->
	<bean id="viewResolver"
		class="org.springframework.web.servlet.view.InternalResourceViewResolver">
		<property name="prefix" value="/"></property>
		<property name="suffix" value=".html"></property>
	</bean>

	<!-- 文件上传解析器 -->
	<bean id="multipartResolver"
		class="org.springframework.web.multipart.commons.CommonsMultipartResolver">
		<property name="defaultEncoding" value="utf-8" />
		<property name="maxUploadSize" value="10485760000" />
		<property name="maxInMemorySize" value="40960" />
	</bean>

	<!-- 定时任务配置 -->
	<!--<task:annotation-driven />-->
	<!-- spring缓存配置 -->
	<!--
	<cache:annotation-driven />
	<bean id="cacheManager" class="org.springframework.cache.support.SimpleCacheManager">
		<property name="caches">
			<set>
				<bean class="org.springframework.cache.concurrent.ConcurrentMapCacheFactoryBean" p:name="saCxjselectinfoCache" />
			</set>
		</property>
	</bean>
	-->
</beans>